count,tag
75,"""how to"""
59,"""Pop"""
55,"""funny"""
46,"""makeup"""
45,"""vlog"""
44,"""animation"""
41,"""BTS"""
34,"""music"""
32,"""cute"""
31,[none]
29,"""cosmetics"""
28,"""diy"""
28,"""fashion"""
28,"""Best"""
27,"""BANGTAN"""
27,"""kitchen"""
25,"""makeup tutorial"""
25,"""luxury"""
25,"""cooking"""
24,"""new"""
24,"""dogs"""
23,"""vlogger"""
23,"""challenge"""
22,"""Records"""
22,"""boyfriend"""
22,"""new album"""
22,"""try"""
22,"""avengers"""
22,"""Capitol"""
21,"""kermit"""
20,"""tutorial"""
20,"""New Song"""
19,"""interior design"""
19,"""animations"""
18,"""comedy"""
17,"""celebrities"""
17,"""family friendly"""
17,"""bts"""
16,"""PC"""
16,"""pop"""
16,"""Switch"""
15,"""matpat"""
15,"""Australia"""
15,"""food"""
15,"""home decor"""
15,"""gaming"""
14,"""ジュン"""
14,"""プレゼント"""
14,"""妻"""
14,"""cats"""
14,"""present"""
14,"""sakura"""
14,"""surprise"""
14,"""birthday"""
14,"""junskitchen"""
14,"""wife"""
14,"""リップ"""
14,"""オイル"""
14,"""じゅん"""
14,"""サプライズ"""
14,"""マッサージ"""
14,"""cuisine"""
14,"""キッチン"""
14,"""ぬこ"""
14,"""ジュンズキッチン"""
14,"""chapstick"""
14,"""flower"""
14,"""preserved"""
14,"""料理"""
14,"""猫"""
14,"""ねこ"""
14,"""誕生日"""
14,"""Brendon Urie Vine"""
14,"""Japanese"""
14,"""DIY room makeover"""
14,"""green room"""
14,"""wallpapered room"""
14,"""mystical room"""
14,"""decorating with crystals"""
14,"""DIY tree"""
14,"""DIY crystal display"""
14,"""room makeover"""
14,"""OMG We're Coming Over"""
14,"""gaming room"""
14,"""Mr. Kate"""
14,"""Mr KAte"""
14,"""Mrkate"""
14,"""Mister Kate"""
14,"""Kate Albrecht"""
14,"""Joey Zehr"""
14,"""koshy"""
14,"""gaming room design"""
14,"""living room design"""
14,"""Rachel"""
14,"""New Music"""
14,"""Jun"""
14,"""cat"""
14,cook
14,"""Fueled By Ramen"""
14,"""New music from Panic At The Disco"""
14,"""Death Of A Bachelor"""
14,"""oil"""
14,"""New video"""
14,"""joey graceffa collab"""
14,"""brendon urie vine high note"""
14,"""makeup challenge"""
14,colorful room design
14,"""lounge design"""
14,"""lounge decor"""
14,"""joey graceffa room makeover"""
14,"""joey graceffa gaming room"""
14,"""mineral"""
14,"""puppies"""
14,"""lip"""
14,"""YIAY"""
14,"""Fidget Spinners"""
14,"""Emoji Movie"""
14,"""Kermit Sings"""
14,"""JackAsk"""
14,"""Jack Ask"""
14,"""Dubstep Solves Everything"""
14,"""Frozen 2"""
14,"""iPhone Parody"""
14,"""Apple Parody"""
14,The Sims 4
14,"""The Sims 4 Trailer"""
14,"""Sims 4 Trailer"""
14,"""The Sims 4 Seasons"""
14,"""The Sims 4 Seasons Expansion Pack"""
14,"""Seasons"""
14,"""Gameplay"""
14,"""The Sims Gameplay"""
14,"""Game"""
14,"""Gamer"""
14,"""Yesterday I Asked You"""
14,"""Your Grammar Sucks"""
14,"""stick"""
14,"""The Best of Your Grammar Sucks"""
14,"""alex clark"""
14,"""itsalexclark youtube"""
14,"""youtube itsalexclark"""
14,"""itsalexclark channel"""
14,"""animation channel"""
14,"""animated"""
14,"""animated videos"""
14,"""alex clark youtube"""
14,"""youtube alex clark"""
14,"""alex clark channel"""
14,"""alex clark vlogs"""
14,"""clark cartoons"""
14,"""itsalexclark videos"""
14,"""alex clark videos"""
14,Jacksfilms
14,"""Jack Douglass"""
14,"""YGS"""
14,"""YGS 100"""
14,"""YGS 50"""
14,"""Games"""
14,"""Video Games"""
14,"""Mac"""
14,"""Expansion Pack"""
14,"""P!ATD"""
14,"""New Panic Song"""
14,"""patd high hopes"""
14,"""New Panic Album"""
14,"""New PATD Album"""
14,"""New PATD Song"""
14,"""Pray For The Wicked"""
14,"""Brendon Urie"""
14,"""high hopes"""
14,"""Brendon Urie PATD"""
14,"""DCD2"""
14,"""FBR"""
14,the gabbie show
14,"""yt:cc=on"""
14,"""herbarium"""
14,"""ハーバリウム"""
14,"""ミネラルオイル"""
14,"""バーム"""
14,"""balm"""
14,"""PATD"""
14,"""Panic! At The Disco"""
14,Panic At The Disco
14,"""Life Simulator"""
14,"""Game Pack"""
14,"""Stuff Pack"""
14,"""TheSims4"""
14,"""The Sims"""
14,"""Sims"""
14,"""Maxis"""
14,"""TS4"""
14,"""Life Simulation"""
14,"""Simlish"""
14,"""The Sims (Video Game)"""
14,"""Emotion"""
14,"""Intelligence"""
14,"""Emotional Sims"""
14,"""Intelligent Sims"""
14,"""Tools"""
14,"""EA"""
14,"""Electronic Arts"""
14,"""Official Trailer"""
14,"""Decaydance"""
14,"""itsalexclark"""
14,"""thegabbieshow"""
14,"""trayaurus"""
14,"""app"""
14,ott autocomplete
14,"""shawn mendes"""
14,"""mendes"""
14,"""shawn mendes interview"""
14,"""shawn mendes autocomplete"""
14,"""shawn mendes wired autocomplete"""
14,"""shawn mendes music"""
14,"""shawn mendes tattoos"""
14,"""shawn mendes funny"""
14,"""shawn mendes funny moments"""
14,"""pool"""
14,"""shawn mendes musician"""
14,"""shawn mendes songs"""
14,"""house tour"""
14,"""shawn mendes wired"""
14,"""shawn"""
14,"""grim"""
14,"""the diamond minecart"""
14,"""shawn mendes tats"""
14,"""tdm"""
14,"""뷔"""
14,"""JIMIN"""
14,"""지민"""
14,"""jhope"""
14,"""제이홉"""
14,"""SUGA"""
14,"""슈가"""
14,"""RapMonster"""
14,"""랩몬스터"""
14,"""HIPHOP"""
14,방탄소년단
14,"""vlog dantdm"""
14,"""thediamondminecart"""
14,"""minecart"""
14,"""no swearing"""
14,"""no cursing"""
14,"""dr trayaurus"""
14,"""shawn mendes wired autocomplete interview"""
14,"""shawn mendes interview 2018"""
14,"""JUNGKOOK"""
14,"""how well do we know each other"""
14,markiplier
14,"""Beauty"""
14,"""Makeup"""
14,"""Tutorial"""
14,"""Review"""
14,"""blogger"""
14,"""Tati"""
14,"""Westbrook"""
14,"""GlamLifeGuru"""
14,"""Beauty expert"""
14,"""drugstore"""
14,"""Haul"""
14,"""favorites"""
14,"""worst"""
14,"""SIRI PICKS MY MAKEUP"""
14,"""Amazon Picks My Makeup"""
14,"""Alexa Picks My Makeup"""
14,"""how well does my mom know me"""
14,"""parent tag"""
14,"""wired"""
14,"""friend tag"""
14,"""wired.com"""
14,domics
14,"""kijiji"""
14,"""nordvpn"""
14,"""buying"""
14,"""used"""
14,"""things"""
14,"""craigslist"""
14,"""cintiq"""
14,"""13hd"""
14,"""wacom"""
14,"""thanos"""
14,YouTube
14,"""momiplier"""
14,"""hilarious"""
14,"""funniest"""
14,"""funny moments"""
14,"""정국"""
14,"""진"""
14,"""shane"""
14,"""BuzzFeedCeleb"""
14,"""Echoes"""
14,"""Shadows of Valentia"""
14,"""Lord"""
14,Fire Emblem
14,"""shane dawson"""
14,"""molly"""
14,"""JIN"""
14,"""molly burke"""
14,"""sketch"""
14,"""sketch artist"""
14,"""nose"""
14,"""boyband"""
14,"""cute animals"""
14,"""animals"""
14,"""Play with puppies"""
14,"""cute puppies"""
14,its alex clark
14,"""songs"""
14,"""ARMY's"""
14,BuzzFeed
14,"""BuzzFeedVideo"""
14,"""Puppy Interview"""
14,"""puppy"""
14,"""john lennon"""
14,"""questions"""
14,"""q&A"""
14,"""k-pop"""
14,"""korean"""
14,"""korean music"""
14,"""Fates"""
14,"""Awakening"""
14,"""Path of Radiance"""
14,"""Vote"""
14,"""dantdm vlog"""
14,"""pixar"""
14,"""the incredibles 2"""
14,"""the incredibles"""
14,"""dantdm the incredibles"""
14,dantdm
14,"""freestyle"""
14,"""water bagel"""
14,"""st ettiene"""
14,"""golf le fleur"""
14,"""nice toenails"""
14,"""435"""
14,tyler the creator
14,"""transformation"""
14,"""Parody"""
14,"""Radiant Dawn"""
14,"""Funny"""
14,"""JelloApocalypse"""
14,"""TJ Bertino"""
14,"""Camus"""
14,"""Vizier"""
14,"""Supports"""
14,"""Confessions"""
14,"""Confession"""
14,"""Character"""
14,"""Cute"""
14,"""Mage"""
14,"""Ike"""
14,"""Tellius"""
14,"""korean pop music"""
13,animation
13,"""Of"""
13,"""thesis film"""
13,"""dragonfoxgirl"""
13,"""animated music video"""
13,"""amv"""
13,"""spider"""
13,"""butterfly"""
13,"""anthro"""
13,"""anthropomorphic"""
13,"""animated short"""
13,"""cartoons"""
13,"""cartoon"""
13,"""white spider"""
13,"""you suck at cooking"""
13,"""recipe"""
13,beauty
13,Seconds
13,"""chef"""
13,"""fireplace"""
13,"""fake love"""
13,"""방탄소년단"""
13,"""빅히트"""
13,BIGHIT
13,"""Youngblood"""
13,"""Summer"""
13,"""wine"""
13,"""living room"""
13,"""solomita"""
13,"""julien"""
13,"""home"""
13,"""a house"""
13,"""we"""
13,"""mourey"""
13,"""marbles"""
13,jenna
13,DIY
13,"""do it yourself"""
13,"""laurDIY"""
13,"""lauren riihimaki"""
13,"""room decor"""
13,"""closet"""
13,"""방탄"""
13,"""bought"""
13,"""FAKE LOVE"""
13,"""walk in"""
13,"""dining"""
13,"""master"""
13,"""bathroom"""
13,"""mirror"""
13,"""peach"""
13,"""yard"""
13,"""island"""
13,"""podcast"""
13,"""bedroom"""
13,"""foam"""
13,"""sound"""
13,"""pc"""
13,"""amazing"""
13,"""best"""
13,"""office"""
13,"""room"""
12,"""cheap makeup"""
12,"""You"""
12,"""2018"""
12,"""To"""
11,"""five nights at freddy's"""
11,"""fnaf 6 custom night"""
11,"""grav3yardgirl"""
11,"""as seen on tv"""
11,"""infomercial"""
11,"""does it work"""
11,"""nail"""
11,"""nails"""
11,"""five nights"""
11,"""ulta"""
11,fnaf
11,"""eye"""
11,"""makeup shopping"""
11,"""clearance"""
11,"""clearance makeup"""
11,"""toys r us"""
11,"""closing"""
11,"""New Fnaf"""
11,"""store closing"""
11,"""dior"""
11,"""dior handbag"""
11,"""FNAF 2"""
11,"""designer"""
11,"""FNAF sister location"""
11,"""fnaf pizza simulator"""
11,"""custom night"""
11,"""Fnaf 6"""
11,"""eyes"""
11,"""bed bath & beyond"""
11,"""silly"""
11,"""x factor"""
11,"""hart denton chic"""
11,"""chic riverdale"""
11,"""charles melton riverdale"""
11,"""riverdale charles melton"""
11,"""riverdale interview"""
11,"""riverdale cast"""
11,"""riverdale teen vogue"""
11,"""hart denton riverdale"""
11,"""hart denton"""
11,"""charles melton"""
11,"""arts and entertainment"""
11,celebrity
11,"""new song"""
11,"""riverdale twitter"""
11,"""kanye west"""
11,"""jumpscares"""
11,"""fnaf theory"""
11,"""matpat fnaf"""
11,"""matpat five nights at freddys"""
11,"""game theory FNAF"""
11,"""game theory five nights at freddys"""
11,"""matpat game theory"""
11,"""fnaf game theory"""
11,"""markiplier fnaf"""
11,"""fnaf markiplier"""
11,"""fnaf ending"""
11,"""riverdale funny"""
11,"""riverdale compliment battle"""
11,"""look"""
11,"""howto"""
11,"""store"""
11,"""haul"""
11,"""fnaf 3"""
11,"""shopping"""
11,"""shop"""
11,"""target"""
11,"""bunny"""
11,"""clothing"""
11,"""clothes"""
11,"""spring"""
11,"""summer"""
11,"""style"""
11,"""FNAF 4"""
11,"""reggie mantle"""
11,"""fnaf 5"""
11,"""Sister location"""
11,"""FNAF timeline"""
11,"""jumpscare"""
11,"""teenvogue.com"""
11,"""teen vogue"""
11,"""riverdale"""
11,"""nice tweets"""
11,"""funny tweets"""
11,"""riverdale tweets"""
11,"""riverdale compliment"""
11,"""reggie mantle charles melton"""
11,"""follow me around"""
11,"""iphone"""
11,"""willsmith"""
11,"""youtube smith"""
11,comedy
11,"""entertainment"""
11,"""will smith"""
11,"""will"""
11,"""smith"""
11,"""Puppy"""
11,"""smiths"""
11,"""will smith youtube"""
11,"""youtube will smith"""
11,"""will smith channel"""
11,"""channel will smith"""
11,"""will youtube"""
11,"""youtube will"""
11,"""smith youtube"""
11,ysac
11,"""coconut"""
11,"""macaroons"""
11,"""coconut macaroons"""
11,"""chocolate"""
11,"""turorial"""
11,"""dessert"""
11,"""new music"""
11,"""will smith youtube channel"""
11,"""vlogs"""
11,"""vlogs will smith"""
11,"""Milestone"""
11,New Puppy
11,"""one million"""
11,"""new pet"""
11,let go
11,"""bangtan boys"""
11,"""brent rivera"""
11,"""rdma"""
11,"""radio disney"""
11,"""radio disney music awards"""
11,"""dog"""
11,"""we got another dog"""
11,"""I got new dog"""
11,"""cake"""
11,"""crazyrussianhacker new dog"""
11,"""crazyrussianhacker new pet"""
11,"""malamute puppy howling"""
11,"""so happy challenge"""
11,"""malamute puppy"""
11,"""alaskan malamute puppy"""
11,"""We Got A New Puppy"""
11,"""disney"""
11,Birthday
11,"""rice"""
11,"""will smith vlogs"""
10,"""to"""
10,"""how-to"""
10,"""funny videos"""
10,"""female"""
10,"""survival"""
10,"""hair"""
10,"""physics"""
10,"""Tears"""
9,"""$1 diy challenge"""
9,"""Left"""
9,"""Cry"""
9,"""Republic"""
9,"""cheap room decor"""
9,"""easy diy room decor"""
9,"""dollar store"""
9,Rodney Mullen
9,"""in a nutshell"""
9,"""skating"""
9,"""skate"""
9,"""skateboard"""
9,"""skateboarding"""
9,"""trending"""
9,Niall
9,"""science"""
9,"""No"""
9,"""kurzgesagt"""
9,"""casper"""
9,"""antibiotic"""
9,bacteriophage
9,"""phage"""
9,"""phage therapy"""
9,"""therapy"""
9,"""medicine"""
9,"""antibiotics"""
9,"""resistence"""
9,"""human progress"""
9,"""antibiotic resistance"""
9,"""laurdiy cheap diy"""
9,"""healing"""
9,"""bacteria"""
9,"""satire"""
9,"""education"""
9,"""tricks"""
9,"""impossible"""
9,"""time"""
9,"""not"""
9,"""first"""
9,"""Like"""
9,"""Girls"""
9,Maroon
9,"""you"""
9,"""love"""
9,"""youtuber"""
9,"""Records*"""
9,Ariana
9,"""serious"""
9,"""slpit"""
9,"""up"""
9,"""break"""
9,"""kiss"""
9,"""Interscope"""
9,"""Music"""
9,"""360"""
9,"""david"""
9,"""intermediate axis theorem"""
9,"""space"""
9,lizzza
9,"""lizza"""
9,"""liza"""
9,"""lever"""
9,"""dobrik"""
9,"""dianna cowern"""
9,"""how"""
9,"""realtionship"""
9,"""girlfriend"""
9,"""physics girl"""
9,"""dating"""
9,"""date"""
9,"""Grande"""
9,"""endolysin"""
9,"""laurdiy dollar store"""
9,"""dollar tree diy"""
9,"""dollar store room decor"""
9,"""dollar store decor"""
9,"""dollar store challenge"""
9,"""dollar store diy challenge"""
9,"""diy dollar store"""
9,"""dollar tree"""
9,"""dollar tree crafts"""
9,"""dollar tree diy challenge"""
9,"""green"""
9,jacksepticeye
9,"""(US1A)"""
9,"""Blind"""
9,"""Seeing"""
9,"""Morris"""
9,"""Maren"""
9,"""Horan"""
9,"""dollar store diy"""
9,"""dollar store crafts"""
8,"""Sivan"""
8,"""ghost"""
8,"""extreme transformation"""
8,"""glam"""
8,"""flawless"""
8,"""gorgeous"""
8,"""beautiful"""
8,"""sivann"""
8,"""safiya nygaard"""
8,"""celebrity"""
8,"""comedian"""
8,cobra kai season 2
8,"""cobra kai new season"""
8,humility
8,"""Gorillaz Humanz"""
8,"""the now now"""
8,"""george benson"""
8,"""Venice Beach"""
8,"""jamie hewlett"""
8,"""damon albarn"""
8,"""Los Angeles"""
8,"""Jack Black"""
8,"""Ed Asner"""
8,"""lipstick"""
8,"""haunted"""
8,"""nikkie tutorials"""
8,"""eyeshadow"""
8,"""nikkietutorials"""
8,"""green makeup"""
8,"""EMI"""
8,"""Recorded"""
8,"""green makeup look"""
8,"""Pty"""
8,"""Ltd"""
8,Troye
8,"""green makeup challenge"""
8,the green makeup challenge
8,"""nikkitutorials"""
8,"""nikki tutorials"""
8,"""my my my"""
8,"""hulk"""
8,"""the hulk"""
8,"""hulk makeup"""
8,"""troy"""
8,"""avengers infinity war"""
8,"""kermit the frog"""
8,"""how to apply"""
8,"""foundation"""
8,"""blooom"""
8,"""Tanner Buchanan"""
8,maroon 5
8,"""cobra kai karate kid season 2"""
8,"""miyagi"""
8,"""daniel larusso"""
8,"""johnny lawrence"""
8,"""karate kid series"""
8,"""cobra kai teaser"""
8,"""cobra kai trailer"""
8,"""jack black"""
8,"""singing competition"""
8,"""gorillaz"""
8,"""Gorillaz Leak"""
8,"""lake zurich"""
8,"""tell me i can't michelle khare"""
8,"""girls like you"""
8,"""got talent"""
8,"""cobra kai series"""
8,"""cobra kai youtube"""
8,"""wax on wax off"""
8,"""cobra kai karate kid"""
8,"""Cobra kai"""
8,"""Karate kid"""
8,"""baby"""
8,"""candice"""
8,pregnant
8,"""YouTube Red Original Series"""
8,"""YouTube Red Originals"""
8,"""YouTube Red"""
8,"""Ralph Macchio"""
8,"""Billy Zabka"""
8,"""Xolo Maridueña"""
8,"""Courtney Henggeler"""
8,"""Mary Mouser"""
8,"""g is the magic number"""
8,"""tell me i can't"""
8,"""golden buzzer"""
8,"""singing"""
8,"""concert"""
8,"""america's got talent"""
8,"""rebecca black friday"""
8,"""rebecca black"""
8,"""billboard"""
8,"""pop song"""
8,"""buzzfeed michelle"""
8,"""records"""
8,"""michelle khare"""
8,"""carly rae jepsen"""
8,"""cardi b"""
8,"""blue neighbourhood"""
8,"""wild"""
8,"""youth"""
8,"""for the first time"""
8,"""victoria's secret"""
8,"""Free Murdoc"""
8,"""review"""
8,"""the voice"""
8,"""american idol"""
8,"""the four"""
8,"""youtube trending"""
8,"""sing off"""
8,"""Gorillaz The Now Now"""
8,"""bloom"""
8,"""tutorials"""
8,"""how to sing"""
8,"""trends"""
8,"""Demon Dayz"""
8,"""Hollywood"""
8,"""rock"""
7,"""the today show"""
7,"""BuzzFeed"""
7,"""babies"""
7,"""Philip DeFranco"""
7,"""five nights at freddys custom night"""
7,"""HDN"""
7,James Harrison
7,"""the good side"""
7,"""james charles"""
7,"""beauty tips"""
7,"""stop stalking my tags you perv"""
7,"""sivan"""
7,"""hair color"""
7,"""makeover"""
7,"""beauty"""
7,"""hacks"""
7,"""reviews"""
7,"""how to deal with bullies"""
7,"""easy makeup"""
7,"""manny mua"""
7,"""jeffree star"""
7,"""coverboy"""
7,"""covergirl"""
7,"""mua"""
7,"""kanye"""
7,"""sivam"""
7,"""bloom just for you"""
7,"""blom"""
7,"""blomm"""
7,"""drake"""
7,"""troye live"""
7,"""live"""
7,"""performance"""
7,"""animating"""
7,"""bully"""
7,"""bullies"""
7,"""youtube bully"""
7,"""bully youtube"""
7,"""don't let the bullies win"""
7,"""how to deal with a bully"""
7,"""online bullying"""
7,"""makeup artist"""
7,"""online bully"""
7,james
7,"""troye sivan"""
7,shgurr
7,"""flooding"""
7,"""flood"""
7,"""dance"""
7,"""scams"""
7,"""roommates"""
7,"""apartments"""
7,"""grandmother"""
7,"""Bloom"""
7,"""bad apartments"""
7,"""troye"""
7,"""grandma"""
7,"""grandpa"""
7,"""grandmas"""
7,"""marshmallow"""
7,"""bonding with grandma"""
7,"""bonding with grandpa"""
7,"""itsalexclark family"""
7,"""alex clark family"""
7,"""alex clark sister"""
7,"""alex clark girlfriend"""
7,"""alex clark pam"""
6,Mike Shinoda
6,"""alone"""
6,"""mello"""
6,"""маршмеллоу"""
6,"""machimelo"""
6,"""friends"""
6,"""trap music"""
6,"""fly"""
6,"""joytime"""
6,"""bass"""
6,"""colour blind test"""
6,"""do my makeup"""
6,"""hairdresser reacts"""
6,"""before and after"""
6,"""nicky jam"""
6,"""room tour"""
6,"""decor"""
6,"""CBS"""
6,"""hair stylist"""
6,"""slushii"""
6,"""hair tutorial"""
6,"""color blind test"""
6,"""balayage"""
6,"""haircut for your face shape"""
6,"""color for your skin tone"""
6,"""safiya buzzfeed"""
6,"""the ideal haircut and color for your face"""
6,"""strangers do my makeup"""
6,"""hollywood boulevard"""
6,"""strangers"""
6,"""Diplo"""
6,"""australia"""
6,"""james charles australia"""
6,"""jauz"""
6,"""e3"""
6,"""gaming music"""
6,"""fortnite"""
6,"""ookay"""
6,"""ghastly"""
6,"""what not to wear"""
6,"""ANTM"""
6,"""Calvin harris"""
6,"""ninja"""
6,"""Skrillex"""
6,"""tell me marshmello"""
6,"""Other"""
6,"""Post Traumatic"""
6,"""Music Video"""
6,"""cooking with Marshmello"""
6,"""Boris"""
6,"""Miss Oatmeal"""
6,"""Sock Puppets"""
6,"""Official"""
6,"""Linkin Park"""
6,"""Sock Puppet Video"""
6,"""Sock Puppet Music Video"""
6,"""Ghost Song"""
6,"""Alternative Music"""
6,"""Rock Music"""
6,"""Hip Hop Music"""
6,"""marshmello tell me"""
6,"""Tell Me"""
6,"""Ghosts"""
6,"""Marshmello friends"""
6,"""tomorrowland"""
6,"""colour test"""
6,"""colour blind"""
6,"""colour blindness"""
6,"""jacksepticeye colour blind"""
6,"""colour blind awareness"""
6,"""colour blind glasses"""
6,"""enchroma"""
6,"""seeing colour"""
6,"""colour number test"""
6,"""keep it mello"""
6,"""colour blind number test"""
6,"""color test"""
6,"""enchroma glasses"""
6,"""video"""
6,"""color blind glasses"""
6,"""Taking A Colour Blind Test With Colour Blind Glasses"""
6,"""you and me"""
6,marshmello
6,"""New Album"""
6,"""new marshmello"""
6,"""sabrina live"""
6,"""almost live lyric video"""
6,"""almost live karaoke"""
6,"""sabrina carpenter karaoke"""
6,"""sabrina carpenter jonas blue"""
6,"""sabrina carpenter alien"""
6,klpolish
6,"""alan walker"""
6,I gave safiya nygaard a perfect hair makeover based on her features: bts
6,"""brad mondo"""
6,"""safiya and tyler"""
6,"""hair transformation"""
6,"""I got a perfect makeover based on my features"""
6,"""marshmello alone"""
6,"""Monstercat"""
6,"""dame tu cosita"""
6,"""almost love live"""
6,"""NCS"""
6,sabrina carpenter
6,"""kiis fm"""
6,"""EDC"""
6,"""EDM"""
6,"""MArshmello EDC"""
6,"""alone marshmello"""
6,"""marshmello summer"""
6,"""almost love"""
6,"""wango tango"""
5,"""Creepy"""
5,"""supernatural"""
5,"""eating disorder"""
5,"""demon"""
5,"""Unsolved"""
5,"""reaction"""
5,"""cold-case"""
5,"""anorexia"""
5,"""secret passage"""
5,"""Mini doc"""
5,"""Cold case"""
5,"""Murder"""
5,"""EVP"""
5,"""Shane madej"""
5,"""Ryan bergara"""
5,"""empty official music video"""
5,"""taste test"""
5,"""empty music video"""
5,"""dave boyinaband"""
5,"""paranormal"""
5,"""buzzfeed freddie"""
5,"""San Diego"""
5,"""Villa Montezuma"""
5,"""treasure"""
5,"""piano"""
5,"""spiritualist"""
5,"""season finale"""
5,"""Mystery"""
5,"""investigation"""
5,"""bulimia"""
5,"""eating disorder help"""
5,"""jaidenanimations"""
5,Buzzfeed
5,"""Ladylike"""
5,"""Bedroom"""
5,"""Makeover"""
5,"""furniture"""
5,"""design"""
5,"""unsolved mysteries"""
5,"""theories"""
5,"""boyinaband"""
5,"""Travis Coles"""
5,"""jaidenanimation"""
5,jaiden
5,"""wig review"""
5,"""lace front wigs"""
5,"""wig tutorial"""
5,"""full lace wig"""
5,"""fiber"""
5,"""clip in extensions"""
5,"""the hair shop"""
5,"""human hair wigs"""
5,"""how to style hair"""
5,"""hair care"""
5,"""best hair"""
5,"""hair growth"""
5,"""red hair"""
5,"""long wig"""
5,"""indian hair"""
5,"""raw indian hair"""
5,"""real hair"""
5,"""hair journey"""
5,"""big chop"""
5,"""dan choi"""
5,"""sustainable"""
5,"""clique track"""
5,"""for my clique"""
5,the 1975
5,"""give"""
5,"""yourself"""
5,"""dirty"""
5,"""hit"""
5,"""Square Enix"""
5,"""good hair"""
5,"""hair extensions"""
5,"""weave"""
5,"""david dobrik"""
5,"""Gig Economy"""
5,"""Comedy"""
5,"""Freakish"""
5,"""Violet Adams"""
5,"""Aday Walker"""
5,"""Double Dare"""
5,"""LizaKoshy"""
5,"""Lizza"""
5,"""lizzza"""
5,"""lizzzavine"""
5,"""lizzzak"""
5,"""lizzzako"""
5,"""Liza Koshy"""
5,"""comic"""
5,"""remy hair"""
5,"""we broke up"""
5,refinery29
5,"""refinery 29"""
5,"""r29"""
5,"""r29 video"""
5,"""refinery29 video"""
5,"""empowerment"""
5,"""shady"""
5,"""natural hair"""
5,"""curly"""
5,"""synthetic hair"""
5,"""sew in"""
5,"""lace wig"""
5,"""E3 2018"""
5,Liza On Demand
5,"""Come Over"""
5,Buzzfeed unsolved
5,"""game"""
5,"""Kimiko Glenn"""
5,"""unsolved"""
5,"""mystery"""
4,Columbia
4,"""chit chat grwm"""
4,"""drybar"""
4,"""laurdiy diy master episode 3"""
4,"""jurassic world"""
4,"""jurassic world 2"""
4,"""tarte"""
4,"""ysl"""
4,"""deadpool"""
4,"""diy master"""
4,"""laurdiy diy master"""
4,"""military"""
4,"""la girl"""
4,"""R&B/Soul"""
4,"""husband"""
4,"""diy master ep 3"""
4,"""diy master episode 3"""
4,"""laurdiy tie dye"""
4,"""diy room decor"""
4,"""icon"""
4,"""how to shibori"""
4,"""remix"""
4,"""jaden smith"""
4,"""reggaeton remix"""
4,"""reggaeton"""
4,"""married"""
4,"""smashbox"""
4,"""gettin ready"""
4,"""how to shibori tie dye"""
4,"""The Internet"""
4,"""soccer"""
4,"""diy pillow cover"""
4,casey holmes
4,"""itsbl0ndie"""
4,"""get ready with me"""
4,"""diy pillow"""
4,"""shibori room decor"""
4,"""shibori shirt"""
4,"""shibori dye"""
4,"""laurdiy challenge"""
4,"""military ball"""
4,"""diy blanket"""
4,"""diy shirt"""
4,"""diy tie dye shirt"""
4,"""how to tie dye"""
4,"""fnaf cassidy"""
4,"""shibori tie dye technique"""
4,"""shibori tie dye"""
4,"""shibori"""
4,"""diy clothing"""
3,"""Teyana Taylor"""
3,"""Janice Combs"""
3,"""best taste"""
3,"""add best"""
3,"""all def digital best"""
3,"""the great taste"""
3,"""Jhené Aiko"""
3,"""Jessie J"""
3,"""all def digital the best"""
3,"""good taste"""
3,"""Sean"""
3,"""Ne-Yo"""
3,"""Jackie Christie"""
3,"""lesson"""
3,"""add the best"""
3,"""great taste playlist"""
3,"""thankful"""
3,"""pokemon sun and moon"""
3,"""great taste add"""
3,"""add great taste"""
3,"""Slip Space"""
3,"""Slip Space Engine"""
3,"""Master Chief"""
3,"""Halo Infinite announcement trailer"""
3,"""Halo Infinite Trailer"""
3,"""Halo E3"""
3,Halo Infinite
3,"""pokémon"""
3,"""pokemon switch"""
3,"""pokédex"""
3,"""pokedex game theory"""
3,"""matpat pokemon"""
3,"""pokemon game theory"""
3,"""Pokemon Theory"""
3,"""game theorists"""
3,"""game theory"""
3,"""sun and moon"""
3,"""ultra sun and moon"""
3,"""ultra sun"""
3,"""ultra moon"""
3,"""how to make money"""
3,"""make money"""
3,"""get rich quick"""
3,"""money"""
3,"""pokemon champion"""
3,"""economics"""
3,"""pokemon go song"""
3,"""pokemon master"""
3,"""pokemon full episodes"""
3,"""New Halo Trailer"""
3,"""343 Industries"""
3,"""343i"""
3,"""inception"""
3,screenjunkies
3,"""screen junkies"""
3,"""christopher nolan"""
3,"""christopher nolan movie"""
3,"""screenjunkies christopher nolan"""
3,"""every christopher nolan movie"""
3,"""honest trailers"""
3,"""honest trailer"""
3,"""dark knight"""
3,"""dark knight rises"""
3,"""dunkirk"""
3,"""tom hardy"""
3,"""christopher nolan honest trailer"""
3,The Late Late Show
3,"""Halo"""
3,"""Late Late Show"""
3,"""James Corden"""
3,"""Corden"""
3,"""late night"""
3,"""late night show"""
3,"""celeb"""
3,"""joke"""
3,"""jokes"""
3,"""funny video"""
3,"""humor"""
3,"""hollywood"""
3,"""famous"""
3,The Best BBQ Meat
3,"""pokemon theme song"""
3,"""pokemon pokedex"""
3,"""pokedex"""
3,"""hamburger"""
3,"""barbecue"""
3,"""camila"""
3,"""dinah-jane"""
3,"""fifth harmony full album"""
3,"""5h"""
3,"""work from home"""
3,"""down"""
3,"""he liked that"""
3,"""worth it"""
3,"""all in my head"""
3,"""halsey"""
3,"""barbeque"""
3,"""doboy"""
3,"""cheese burger"""
3,"""ally"""
3,"""precious"""
3,"""kevonstage"""
3,"""tahir moore"""
3,"""megscoop"""
3,"""hot link"""
3,"""rib"""
3,"""chicken"""
3,"""brisket"""
3,"""black bbq"""
3,"""patrick cloud"""
3,"""hot dog"""
3,"""great taste"""
3,"""all def digital great taste"""
3,"""normani"""
3,"""lauren"""
3,"""pokemon ultra sun and moon"""
3,"""LIGHTS OUT CHALLENGE IN FAZE RUG HAUNTED HOUSE"""
3,"""La La Anthony"""
3,"""pikachu"""
3,"""pokemon go"""
3,pokemon
3,fifth hamony
3,"""omargoshtv exposed"""
3,"""omargoshtv fake videos"""
3,"""haunted houses"""
3,"""faze rug overnight challenge"""
3,"""overnight challenge"""
3,"""faze rug haunted tunnel"""
3,"""faze rug haunted house reaction"""
3,"""faze rug's haunted house"""
3,"""haunted tunnel"""
3,"""harmonizers"""
3,"""social experiment"""
3,"""pranks"""
3,"""queen Mary ship"""
3,"""haunted house"""
3,"""3 am challenge"""
3,"""drive thru pranks"""
3,"""omargosh"""
3,"""one man hide and seek"""
3,"""Omar gosh tv"""
3,"""dumpster diving"""
3,"""Omar gosh"""
3,omargoshtv omargoshtv
3,"""diplo"""
3,"""Anthony Anderson"""
3,"""gossip"""
3,"""Colin Kaepernick"""
3,"""ty dolla $ign"""
3,"""bistec"""
3,"""emmymadeinjapan"""
3,"""emmymade"""
3,"""emmy"""
3,"""hard times"""
3,"""crispy"""
3,"""1990s"""
3,"""scarce"""
3,"""rationing"""
3,"""Cuban"""
3,"""Cuba"""
3,"""Gabrielle Union"""
3,"""vega"""
3,"""cutlet"""
3,"""fried"""
3,"""ryan reynolds deadpool"""
3,"""ryan reynolds funny moments"""
3,"""deadpool 2 jacksepticeye"""
3,"""ryan reynolds"""
3,"""syco"""
3,"""Don't Say You Love Me"""
3,"""Fifth Harmony"""
3,"""Syco Music/Epic"""
3,"""react"""
3,"""Halsey"""
3,"""deadpool 2"""
3,"""lets play"""
3,"""playing deadpool with ryan reynolds"""
3,"""videogame"""
3,"""deadpool game"""
3,"""jacksepticeye meeting ryan reynolds"""
3,"""ryan reynolds interview"""
3,"""jacksepticeye ryan reynolds interview"""
3,"""pith"""
3,"""peel"""
3,"""grapefruit"""
3,"""chriss pratt jurassic world"""
3,"""game show"""
3,"""you posted that chris pratt"""
3,"""smosh"""
3,"""you posted that"""
3,"""pratt"""
3,"""jurassic world chris pratt"""
3,"""chris pratt game show"""
3,"""Sora"""
3,chris pratt
3,Bethesda Softworks
3,"""Kesha"""
3,"""Kemosabe Records/RCA Records"""
3,Hymn
3,"""Microsoft E3 Conference"""
3,"""show"""
3,"""Aqua"""
3,"""toronja"""
3,"""Kingdom Hearts 3"""
3,bistek
3,"""gameshow"""
3,"""celebrity game show"""
3,"""chris pratt funny moments"""
3,Kingdom Hearts
3,"""KH3"""
3,"""Frozen"""
3,"""Kristoff"""
3,"""Microsoft"""
3,"""Nomura Testuya"""
3,"""Anna"""
3,"""Elsa"""
3,"""Olaf"""
3,"""JRPG"""
3,"""simon cowell"""
3,"""ryan reynolds deadpool 2 interview"""
3,"""gucci mane"""
3,"""Sean Combs"""
3,"""latest song"""
3,"""reality show"""
3,"""VH+1"""
3,"""pop culture"""
3,VH1
3,"""add best taste"""
3,"""great taste all def digital"""
3,"""who has great taste"""
3,"""all def"""
3,"""Diddy"""
3,"""add"""
3,"""movies"""
3,"""Mother's Day"""
3,"""mother"""
3,"""Dear Mama: A Love Letter to Moms"""
3,Shawn
3,"""Mendes"""
3,"""Nervous"""
3,"""Island"""
3,"""josh groban new"""
3,"""josh groban video"""
3,"""new video"""
3,"""celebrity news"""
3,"""reality tv"""
3,"""daughter"""
3,"""sean don"""
3,"""classic"""
3,"""big sean"""
3,josh groban
3,"""artists"""
3,"""sing to me"""
3,"""namiko"""
3,"""television"""
3,"""jhene aiko"""
3,"""Dear Mama"""
3,"""Mama Combs"""
3,"""bridges tour"""
3,"""lyric video"""
3,"""new single"""
3,"""granted"""
3,"""the tony awards"""
2,"""This Is America"""
2,"""beauty secret"""
2,"""grwm"""
2,"""taking off makeup"""
2,"""jorja"""
2,"""jorja smith getting ready"""
2,"""mcDJ Recording/RCA Records"""
2,"""bed makeup"""
2,"""getting ready for bed"""
2,"""jorja smith makeup"""
2,"""model makeup"""
2,"""jorja smith fashion"""
2,"""jorja smith tut"""
2,"""jorja smith"""
2,"""jorja smith interview"""
2,"""removing makeup"""
2,"""jorja smith music"""
2,"""jorja smith style"""
2,"""makeup remover"""
2,"""carpool karaoke"""
2,potatoes
2,"""chives"""
2,"""BuzzFeed Tasty"""
2,"""Japan"""
2,"""vogue.com"""
2,"""vogue"""
2,"""slow cooker"""
2,"""stuffed potato"""
2,"""cumin"""
2,"""cheddar"""
2,"""sour cream"""
2,"""broccoli"""
2,"""baked potatoes"""
2,"""cheese"""
2,"""audio books"""
2,"""audible"""
2,"""women's lifestyle"""
2,"""karaoke"""
2,"""carpool"""
2,"""ysac"""
2,"""loaded baked potato"""
2,"""loaded potato"""
2,"""makeup how to"""
2,"""PS4"""
2,"""getting ready"""
2,"""man"""
2,"""football"""
2,"""spinner"""
2,"""spinners"""
2,"""fidget spinners"""
2,"""dude"""
2,"""old"""
2,"""school"""
2,"""clean"""
2,"""elder"""
2,"""uncle"""
2,"""drew"""
2,"""movie"""
2,"""kyrie"""
2,"""safiya"""
2,"""bubble wrap"""
2,"""bowling"""
2,"""celebrity makeup"""
2,"""dude perfect basketball"""
2,dude perfect
2,"""dude perfect stereotypes"""
2,"""dude perfect water bottle flip"""
2,"""bottle flip"""
2,"""water bottle flip"""
2,"""dude perfect bottle flip"""
2,"""dp"""
2,"""ping pong"""
2,"""dude perfect world record"""
2,"""edition"""
2,"""nerf"""
2,"""trick shots"""
2,"""trick shot"""
2,"""family"""
2,"""irving"""
2,"""shaq"""
2,"""85 year old"""
2,"""cd project red"""
2,"""Night City"""
2,"""FPP"""
2,"""cd projekt"""
2,"""cd projekt red"""
2,"""CDPR"""
2,"""cd project"""
2,"""Mike Pondsmith"""
2,"""old man"""
2,"""Xbox"""
2,"""Xbox One"""
2,"""PlayStation"""
2,"""PlayStation 4"""
2,"""foodie"""
2,"""beauty secrets"""
2,"""RPG"""
2,"""video game"""
2,"""E3 Cyberpunk 2077"""
2,"""E3 Cyberpunk"""
2,"""official"""
2,"""trailer"""
2,"""E3"""
2,"""2077"""
2,"""CP2077"""
2,"""CP77"""
2,"""CP"""
2,"""Cyberpunk 2077"""
2,Cyberpunk
2,"""uncle drew"""
2,"""texas"""
2,"""north"""
2,"""UNT"""
2,"""viral food"""
2,"""Andrew Ilnyckyj"""
2,"""difficult"""
2,"""fifa world cup"""
2,"""Cloud"""
2,"""Bayonetta"""
2,"""PlatinumGames"""
2,"""Konami"""
2,"""Capcom"""
2,"""video games"""
2,"""era istrefi"""
2,"""characters"""
2,"""live it up"""
2,"""one life"""
2,"""fifa"""
2,"""FGC"""
2,"""futbol"""
2,"""world cup"""
2,"""ronaldinho"""
2,"""Snake"""
2,"""Ronaldo de Assis Moreira"""
2,"""Ronaldinho Gaúcho"""
2,"""brazil"""
2,"""party game"""
2,"""fighting game"""
2,"""Nintendo Switch"""
2,"""Nintendo"""
2,"""everyone is here"""
2,"""Smash 64"""
2,"""japan"""
2,"""Brawl"""
2,"""Smash Ultimate"""
2,"""Super Smash Bros. Ultimate"""
2,"""Smash Bros."""
2,"""Mega Man"""
2,"""Solid Snake"""
2,Smash
2,"""co-workers"""
2,"""staff reacts"""
2,"""react channel"""
2,"""fine brothers"""
2,"""fine brothers entertainment"""
2,"""Chris Brown"""
2,"""Kelly Clarkson"""
2,"""Imagine Dragons"""
2,"""lyric breakdown"""
2,"""do they know it"""
2,"""kids versus food"""
2,"""react gaming"""
2,"""try to watch without laughing or grinning"""
2,"""try not to laugh"""
2,"""laugh challenge"""
2,"""coworkers"""
2,"""Ryu"""
2,"""employees"""
2,"""fbe"""
2,"""fbe staff"""
2,"""staff react"""
2,"""Guess that"""
2,"""TEENS GUESS THAT SONG CHALLENGE #8"""
2,"""Usher"""
2,Guess that song
2,"""Ice Climbers"""
2,"""Wolf"""
2,"""Pichu"""
2,"""Kirby"""
2,"""Link"""
2,"""Mario"""
2,"""Super Smash Bros."""
2,"""Melee"""
2,"""Back"""
2,"""gmm taste test"""
2,"""TESVI"""
2,"""donut taste test gmm"""
2,"""dunkin donut"""
2,"""The Elder Scrolls"""
2,"""Gomez"""
2,"""good mythical summer"""
2,"""taste test gmm"""
2,"""mythical"""
2,"""international dunkin donuts taste test"""
2,"""dunkin donuts"""
2,"""dunkin donuts taste test"""
2,"""gmm international dunkin donuts"""
2,"""gmm international dunkin donuts taste test"""
2,"""rhett link taste test"""
2,"""doughnut taste test"""
2,"""mythical morning"""
2,Eating Your Feed
2,"""Tasty"""
2,"""PS"""
2,Selena
2,"""The Elder Scrolls 6"""
2,"""The Elder Scrolls VI"""
2,"""omelette"""
2,"""omurice"""
2,"""Adam Bianchi"""
2,"""rhett and link international taste test"""
2,"""rhett and link"""
2,"""Rap"""
2,Childish Gambino
2,"""dunkin donuts menu"""
2,gmm
2,"""good mythical morning"""
2,"""rhettandlink"""
1,"""trex"""
1,"""chris pratt"""
1,"""UK"""
1,"""film theory"""
1,"""film theorists"""
1,"""jurassic world matpat"""
1,"""jurassic world theory"""
1,"""jurassic park theory"""
1,"""film theory fallen kingdom"""
1,"""film theory jurassic world fallen kingdom"""
1,"""William Belli"""
1,"""Anthony Ramos"""
1,"""Andrew Dice Clay"""
1,"""Michael Harney"""
1,"""jurassic world film theory"""
1,"""DJ Shangela Pierce"""
1,"""Rafi Gavron"""
1,"""Eddie Griffin"""
1,Jurassic
1,"""jurassic park"""
1,"""jurassic world 2 trailer"""
1,"""Jurassic world fallen kingdom trailer"""
1,"""jurassic world fallen kingdom"""
1,"""fallen kingdom"""
1,"""fallen kingdom trailer"""
1,"""Warner Bros."""
1,"""WB Pics."""
1,"""Lady Gaga"""
1,"""Bradley Cooper"""
1,A Star Is Born
1,"""t rex"""
1,"""I met you when I was 18."""
1,"""Bracelet"""
1,"""IMYWIW18"""
1,Lauv
1,"""jurassic park 2"""
1,"""dino"""
1,"""Greg Grunberg"""
1,"""Dave Chappelle"""
1,"""Rock"""
1,"""dinosaur"""
1,"""dinosaurs"""
1,"""Bonnie Somerville"""
1,"""skittle recipe"""
1,"""Rebecca Field"""
1,"""skittle"""
1,"""how to make skittles"""
1,"""how to make candy"""
1,"""skittles recipe"""
1,"""homemade skittles"""
1,"""claire gourmet skittles"""
1,"""gourmet skittle"""
1,"""gourmet candy"""
1,"""gourmet makes"""
1,"""skittles touch"""
1,"""skittles bon appetit"""
1,"""bon appetit skittles"""
1,"""skittles taste the rainbow"""
1,"""making skittles"""
1,jaclynhill1
1,"""jaclyn hill"""
1,"""bon appetit"""
1,"""bon appétit"""
1,"""smokey eye tutorial"""
1,"""contour face"""
1,"""morning routine"""
1,"""everyday makeup"""
1,"""cat eye makeup"""
1,"""cat makeup"""
1,"""Go"""
1,"""drugstore makeup"""
1,"""reacting to my first video"""
1,"""my first youtube video"""
1,"""gourmet recipe"""
1,"""gourmet skittles"""
1,"""Lukas Nelson"""
1,"""claire makes skittles"""
1,"""Brandi Carlile"""
1,"""WB"""
1,"""Metro Goldwyn Mayer"""
1,"""MGM"""
1,"""dunkin' donuts"""
1,"""dunkin"""
1,"""dunkin'"""
1,trying $1 makeup from wish
1,"""wish makeup"""
1,"""full face of wish makeup"""
1,"""wish"""
1,"""$1 makeup"""
1,"""fake makeup"""
1,"""fenty beauty"""
1,"""fake fenty"""
1,"""fake cover fx"""
1,"""coverfx"""
1,"""safiya wish"""
1,"""$5 clothing"""
1,"""safiya makeup"""
1,"""safia"""
1,candy
1,"""claire saffitz"""
1,"""gourmet"""
1,"""skittles"""
1,"""claire bon appetit"""
1,"""claire makes"""
1,"""Spinefarm"""
1,"""Sean Paul"""
1,"""Letting"""
1,"""player"""
1,"""lip dub"""
1,"""bad lip reading"""
1,NBA
1,"""doughnuts"""
1,"""link"""
1,"""rhett"""
1,"""impact"""
1,"""bone density"""
1,"""skeleton"""
1,"""body anatomy"""
1,"""dc"""
1,"""marvel"""
1,"""mcu"""
1,"""iron man"""
1,"""the dark knight"""
1,"""batman"""
1,"""Kyle Hill"""
1,"""Because Science"""
1,"""Fvid"""
1,Nerdist
1,"""New Eyes"""
1,"""Stronger"""
1,"""Extraordinary"""
1,"""Real Love"""
1,"""Jess Glynne"""
1,"""Rather Be"""
1,"""Louisa Johnson"""
1,"""lip sync"""
1,"""finals"""
1,"""Rockabye"""
1,"""lebron"""
1,AsapSCIENCE
1,"""james charles vogue"""
1,"""mr kate"""
1,"""nyc"""
1,"""la"""
1,"""downtown"""
1,"""los angeles"""
1,"""home tour"""
1,"""decorating"""
1,"""tour"""
1,"""apartment tour"""
1,"""maggie"""
1,"""maggie rogers"""
1,"""maggie rogers split stones"""
1,"""maggie rogers alaska"""
1,"""maggie rogers falling water"""
1,"""falling water maggie rogers"""
1,"""falling water"""
1,"""fallingwater"""
1,"""fallingwater maggie rogers"""
1,maggie rogers fallingwater
1,"""westbrook"""
1,"""rondo"""
1,"""kanter"""
1,"""harden"""
1,"""basketball"""
1,"""curry"""
1,"""Anne-Marie"""
1,"""Zara Larsson"""
1,"""Valentine"""
1,"""Ariana"""
1,"""arian"""
1,"""grand"""
1,"""dance to this"""
1,"""dnce"""
1,"""this"""
1,"""no tears left to cry"""
1,"""no tears"""
1,"""blu"""
1,"""dangerous woman"""
1,"""Story Sketch"""
1,"""Evergreen"""
1,"""Nonrecurring"""
1,"""Segment"""
1,"""Shawn Mendes"""
1,"""mark ballas"""
1,"""team stark"""
1,"""stark"""
1,"""alexander jean"""
1,"""stampede"""
1,"""lindsey stirling"""
1,"""stirling"""
1,"""sterling"""
1,"""electronic"""
1,"""dubstep"""
1,"""violin"""
1,"""lindsay"""
1,lindsey
1,"""grande"""
1,"""troy sivan"""
1,"""Symphony"""
1,"""This"""
1,"""Julia Michaels"""
1,"""I Miss You"""
1,"""Official Video"""
1,"""I do it solo"""
1,"""demi lovato"""
1,"""solo"""
1,clean bandit
1,"""FAKE_LOVE"""
1,"""safiya hair"""
1,"""safiya makeover"""
1,"""eye color"""
1,"""eye shape"""
1,"""complexion"""
1,"""fruit"""
1,"""season"""
1,"""body shape"""
1,"""body type"""
1,"""outfit"""
1,"""skin undertone"""
1,"""face shape"""
1,"""hair cut based on face shape"""
1,"""hair cut"""
1,"""head to toe makeover"""
1,"""perfect"""
1,"""perfect makeover"""
1,i got a perfect makeover based on my features
1,"""Dance"""
1,"""audio illusion"""
1,"""yanny"""
1,"""laurel"""
1,"""marshmello you can cry"""
1,"""juicy j"""
1,"""marshmello"""
1,"""you can cry lyric video"""
1,"""you can cry lyrics"""
1,"""you can cry music video"""
1,you can cry
1,"""loveisland"""
1,"""asznee"""
1,"""chunkz"""
1,"""stevo the madman"""
1,"""ksi"""
1,"""roadman shaq"""
1,"""dr ofori"""
1,"""SWIL2"""
1,"""SWIL"""
1,"""#SWIL"""
1,"""marvbrownfilms"""
1,"""marv brown films"""
1,"""dubai"""
1,"""daps"""
1,"""directed by daps"""
1,"""michael dappah"""
1,"""michael dapper"""
1,"""michael dapaah"""
1,"""big shaq"""
1,"""man's not hot"""
1,"""mans not hot"""
1,"""james arthur"""
1,"""james arthur you can cry"""
1,"""solved"""
1,"""juicy j you can cry"""
1,"""My"""
1,"""For"""
1,Bullet
1,"""SDMN vs YTAS 2018 Highlights"""
1,"""sdmnvsytas"""
1,sidemen
1,"""ye"""
1,"""everyday"""
1,"""danger"""
1,"""migos"""
1,"""x-factor"""
1,"""childish gambino"""
1,"""vevo"""
1,"""musica"""
1,"""canciones en ingles"""
1,"""joytime collective"""
1,"""columbia"""
1,"""selena gomez"""
1,"""anne-marie"""
1,"""marshmello silence"""
1,"""marshmello friends"""
1,"""marshmello wolves"""
1,"""hip-hop"""
1,"""r&b"""
1,"""hip hop"""
1,"""pop music"""
1,"""marshmello juicy j"""
1,"""BIG SHAQ - MAN DON'T DANCE"""
1,"""BIG SHAQ - MAN DON'T DANCE (MUSIC VIDEO)"""
1,"""man dont dance"""
1,man don't dance
1,"""jake"""
1,"""papa"""
1,"""box fort"""
1,"""papa jake box fort"""
1,Papa jake
1,"""why i'm so scared"""
1,"""don't flinch"""
1,"""Do you hear yanny or laurel"""
1,"""what colour is this dress"""
1,"""the dress"""
1,"""the science of laurel"""
1,"""the science of yanny"""
1,"""which do you hear"""
1,"""yaurel"""
1,"""casey neistat tech review"""
1,"""yanny or laurel"""
1,"""audio tricks"""
1,"""pitch"""
1,"""frequency"""
1,"""the science of audio illusions"""
1,"""SOLVED: Yanny or Laurel"""
1,"""jacksfilms"""
1,"""cloe feldman"""
1,"""the science of yanny vs. laurel"""
1,"""science of yanny or laurel"""
1,"""explain yanny or laurel"""
1,"""what do you hear"""
1,"""fort"""
1,"""kids"""
1,"""fun"""
1,"""swimming pool"""
1,"""1000"""
1,"""box"""
1,"""toys"""
1,"""prison"""
1,"""play"""
1,"""floaties"""
1,"""filling my pool with floaties"""
1,"""funk bros"""
1,"""water balloons"""
1,"""pool party"""
1,"""i filled my pool"""
1,"""swimming"""
1,"""water balloon"""
1,"""no swears"""
1,"""kid friendly"""
1,"""challenges"""
1,"""guava juice"""
1,"""24 hour"""
1,"""building"""
1,"""ultimate"""
1,"""base"""
1,"""kid"""
1,"""viral"""
1,"""kids fort"""
1,"""fort challenge"""
1,"""funny challenge"""
1,"""jaclyn hill reacts"""
